genre,number
action,0
action adult,1
action adult adventure,2
action adult animation,3
action adult biography,4
action adult comedy,5
action adult crime,6
action adult documentary,7
action adult drama,8
action adult family,9
action adult fantasy,10
action adult film-noir,11
action adult history,12
action adult horror,13
action adult music,14
action adult musical,15
action adult mystery,16
action adult romance,17
action adult sci-fi,18
action adult sport,19
action adult thriller,20
action adult war,21
action adult western,22
action adventure,23
action adventure animation,24
action adventure biography,25
action adventure comedy,26
action adventure crime,27
action adventure documentary,28
action adventure drama,29
action adventure family,30
action adventure fantasy,31
action adventure film-noir,32
action adventure history,33
action adventure horror,34
action adventure music,35
action adventure musical,36
action adventure mystery,37
action adventure romance,38
action adventure sci-fi,39
action adventure sport,40
action adventure thriller,41
action adventure war,42
action adventure western,43
action animation,44
action animation biography,45
action animation comedy,46
action animation crime,47
action animation documentary,48
action animation drama,49
action animation family,50
action animation fantasy,51
action animation film-noir,52
action animation history,53
action animation horror,54
action animation music,55
action animation musical,56
action animation mystery,57
action animation romance,58
action animation sci-fi,59
action animation sport,60
action animation thriller,61
action animation war,62
action animation western,63
action biography,64
action biography comedy,65
action biography crime,66
action biography documentary,67
action biography drama,68
action biography family,69
action biography fantasy,70
action biography film-noir,71
action biography history,72
action biography horror,73
action biography music,74
action biography musical,75
action biography mystery,76
action biography romance,77
action biography sci-fi,78
action biography sport,79
action biography thriller,80
action biography war,81
action biography western,82
action comedy,83
action comedy crime,84
action comedy documentary,85
action comedy drama,86
action comedy family,87
action comedy fantasy,88
action comedy film-noir,89
action comedy history,90
action comedy horror,91
action comedy music,92
action comedy musical,93
action comedy mystery,94
action comedy romance,95
action comedy sci-fi,96
action comedy sport,97
action comedy thriller,98
action comedy war,99
action comedy western,100
action crime,101
action crime documentary,102
action crime drama,103
action crime family,104
action crime fantasy,105
action crime film-noir,106
action crime history,107
action crime horror,108
action crime music,109
action crime musical,110
action crime mystery,111
action crime romance,112
action crime sci-fi,113
action crime sport,114
action crime thriller,115
action crime war,116
action crime western,117
action documentary,118
action documentary drama,119
action documentary family,120
action documentary fantasy,121
action documentary film-noir,122
action documentary history,123
action documentary horror,124
action documentary music,125
action documentary musical,126
action documentary mystery,127
action documentary romance,128
action documentary sci-fi,129
action documentary sport,130
action documentary thriller,131
action documentary war,132
action documentary western,133
action drama,134
action drama family,135
action drama fantasy,136
action drama film-noir,137
action drama history,138
action drama horror,139
action drama music,140
action drama musical,141
action drama mystery,142
action drama romance,143
action drama sci-fi,144
action drama sport,145
action drama thriller,146
action drama war,147
action drama western,148
action family,149
action family fantasy,150
action family film-noir,151
action family history,152
action family horror,153
action family music,154
action family musical,155
action family mystery,156
action family romance,157
action family sci-fi,158
action family sport,159
action family thriller,160
action family war,161
action family western,162
action fantasy,163
action fantasy film-noir,164
action fantasy history,165
action fantasy horror,166
action fantasy music,167
action fantasy musical,168
action fantasy mystery,169
action fantasy romance,170
action fantasy sci-fi,171
action fantasy sport,172
action fantasy thriller,173
action fantasy war,174
action fantasy western,175
action film-noir,176
action film-noir history,177
action film-noir horror,178
action film-noir music,179
action film-noir musical,180
action film-noir mystery,181
action film-noir romance,182
action film-noir sci-fi,183
action film-noir sport,184
action film-noir thriller,185
action film-noir war,186
action film-noir western,187
action history,188
action history horror,189
action history music,190
action history musical,191
action history mystery,192
action history romance,193
action history sci-fi,194
action history sport,195
action history thriller,196
action history war,197
action history western,198
action horror,199
action horror music,200
action horror musical,201
action horror mystery,202
action horror romance,203
action horror sci-fi,204
action horror sport,205
action horror thriller,206
action horror war,207
action horror western,208
action music,209
action music musical,210
action music mystery,211
action music romance,212
action music sci-fi,213
action music sport,214
action music thriller,215
action music war,216
action music western,217
action musical,218
action musical mystery,219
action musical romance,220
action musical sci-fi,221
action musical sport,222
action musical thriller,223
action musical war,224
action musical western,225
action mystery,226
action mystery romance,227
action mystery sci-fi,228
action mystery sport,229
action mystery thriller,230
action mystery war,231
action mystery western,232
action romance,233
action romance sci-fi,234
action romance sport,235
action romance thriller,236
action romance war,237
action romance western,238
action sci-fi,239
action sci-fi sport,240
action sci-fi thriller,241
action sci-fi war,242
action sci-fi western,243
action sport,244
action sport thriller,245
action sport war,246
action sport western,247
action thriller,248
action thriller war,249
action thriller western,250
action war,251
action war western,252
action western,253
adult,254
adult adventure,255
adult adventure animation,256
adult adventure biography,257
adult adventure comedy,258
adult adventure crime,259
adult adventure documentary,260
adult adventure drama,261
adult adventure family,262
adult adventure fantasy,263
adult adventure film-noir,264
adult adventure history,265
adult adventure horror,266
adult adventure music,267
adult adventure musical,268
adult adventure mystery,269
adult adventure romance,270
adult adventure sci-fi,271
adult adventure sport,272
adult adventure thriller,273
adult adventure war,274
adult adventure western,275
adult animation,276
adult animation biography,277
adult animation comedy,278
adult animation crime,279
adult animation documentary,280
adult animation drama,281
adult animation family,282
adult animation fantasy,283
adult animation film-noir,284
adult animation history,285
adult animation horror,286
adult animation music,287
adult animation musical,288
adult animation mystery,289
adult animation romance,290
adult animation sci-fi,291
adult animation sport,292
adult animation thriller,293
adult animation war,294
adult animation western,295
adult biography,296
adult biography comedy,297
adult biography crime,298
adult biography documentary,299
adult biography drama,300
adult biography family,301
adult biography fantasy,302
adult biography film-noir,303
adult biography history,304
adult biography horror,305
adult biography music,306
adult biography musical,307
adult biography mystery,308
adult biography romance,309
adult biography sci-fi,310
adult biography sport,311
adult biography thriller,312
adult biography war,313
adult biography western,314
adult comedy,315
adult comedy crime,316
adult comedy documentary,317
adult comedy drama,318
adult comedy family,319
adult comedy fantasy,320
adult comedy film-noir,321
adult comedy history,322
adult comedy horror,323
adult comedy music,324
adult comedy musical,325
adult comedy mystery,326
adult comedy romance,327
adult comedy sci-fi,328
adult comedy sport,329
adult comedy thriller,330
adult comedy war,331
adult comedy western,332
adult crime,333
adult crime documentary,334
adult crime drama,335
adult crime family,336
adult crime fantasy,337
adult crime film-noir,338
adult crime history,339
adult crime horror,340
adult crime music,341
adult crime musical,342
adult crime mystery,343
adult crime romance,344
adult crime sci-fi,345
adult crime sport,346
adult crime thriller,347
adult crime war,348
adult crime western,349
adult documentary,350
adult documentary drama,351
adult documentary family,352
adult documentary fantasy,353
adult documentary film-noir,354
adult documentary history,355
adult documentary horror,356
adult documentary music,357
adult documentary musical,358
adult documentary mystery,359
adult documentary romance,360
adult documentary sci-fi,361
adult documentary sport,362
adult documentary thriller,363
adult documentary war,364
adult documentary western,365
adult drama,366
adult drama family,367
adult drama fantasy,368
adult drama film-noir,369
adult drama history,370
adult drama horror,371
adult drama music,372
adult drama musical,373
adult drama mystery,374
adult drama romance,375
adult drama sci-fi,376
adult drama sport,377
adult drama thriller,378
adult drama war,379
adult drama western,380
adult family,381
adult family fantasy,382
adult family film-noir,383
adult family history,384
adult family horror,385
adult family music,386
adult family musical,387
adult family mystery,388
adult family romance,389
adult family sci-fi,390
adult family sport,391
adult family thriller,392
adult family war,393
adult family western,394
adult fantasy,395
adult fantasy film-noir,396
adult fantasy history,397
adult fantasy horror,398
adult fantasy music,399
adult fantasy musical,400
adult fantasy mystery,401
adult fantasy romance,402
adult fantasy sci-fi,403
adult fantasy sport,404
adult fantasy thriller,405
adult fantasy war,406
adult fantasy western,407
adult film-noir,408
adult film-noir history,409
adult film-noir horror,410
adult film-noir music,411
adult film-noir musical,412
adult film-noir mystery,413
adult film-noir romance,414
adult film-noir sci-fi,415
adult film-noir sport,416
adult film-noir thriller,417
adult film-noir war,418
adult film-noir western,419
adult history,420
adult history horror,421
adult history music,422
adult history musical,423
adult history mystery,424
adult history romance,425
adult history sci-fi,426
adult history sport,427
adult history thriller,428
adult history war,429
adult history western,430
adult horror,431
adult horror music,432
adult horror musical,433
adult horror mystery,434
adult horror romance,435
adult horror sci-fi,436
adult horror sport,437
adult horror thriller,438
adult horror war,439
adult horror western,440
adult music,441
adult music musical,442
adult music mystery,443
adult music romance,444
adult music sci-fi,445
adult music sport,446
adult music thriller,447
adult music war,448
adult music western,449
adult musical,450
adult musical mystery,451
adult musical romance,452
adult musical sci-fi,453
adult musical sport,454
adult musical thriller,455
adult musical war,456
adult musical western,457
adult mystery,458
adult mystery romance,459
adult mystery sci-fi,460
adult mystery sport,461
adult mystery thriller,462
adult mystery war,463
adult mystery western,464
adult romance,465
adult romance sci-fi,466
adult romance sport,467
adult romance thriller,468
adult romance war,469
adult romance western,470
adult sci-fi,471
adult sci-fi sport,472
adult sci-fi thriller,473
adult sci-fi war,474
adult sci-fi western,475
adult sport,476
adult sport thriller,477
adult sport war,478
adult sport western,479
adult thriller,480
adult thriller war,481
adult thriller western,482
adult war,483
adult war western,484
adult western,485
adventure,486
adventure animation,487
adventure animation biography,488
adventure animation comedy,489
adventure animation crime,490
adventure animation documentary,491
adventure animation drama,492
adventure animation family,493
adventure animation fantasy,494
adventure animation film-noir,495
adventure animation history,496
adventure animation horror,497
adventure animation music,498
adventure animation musical,499
adventure animation mystery,500
adventure animation romance,501
adventure animation sci-fi,502
adventure animation sport,503
adventure animation thriller,504
adventure animation war,505
adventure animation western,506
adventure biography,507
adventure biography comedy,508
adventure biography crime,509
adventure biography documentary,510
adventure biography drama,511
adventure biography family,512
adventure biography fantasy,513
adventure biography film-noir,514
adventure biography history,515
adventure biography horror,516
adventure biography music,517
adventure biography musical,518
adventure biography mystery,519
adventure biography romance,520
adventure biography sci-fi,521
adventure biography sport,522
adventure biography thriller,523
adventure biography war,524
adventure biography western,525
adventure comedy,526
adventure comedy crime,527
adventure comedy documentary,528
adventure comedy drama,529
adventure comedy family,530
adventure comedy fantasy,531
adventure comedy film-noir,532
adventure comedy history,533
adventure comedy horror,534
adventure comedy music,535
adventure comedy musical,536
adventure comedy mystery,537
adventure comedy romance,538
adventure comedy sci-fi,539
adventure comedy sport,540
adventure comedy thriller,541
adventure comedy war,542
adventure comedy western,543
adventure crime,544
adventure crime documentary,545
adventure crime drama,546
adventure crime family,547
adventure crime fantasy,548
adventure crime film-noir,549
adventure crime history,550
adventure crime horror,551
adventure crime music,552
adventure crime musical,553
adventure crime mystery,554
adventure crime romance,555
adventure crime sci-fi,556
adventure crime sport,557
adventure crime thriller,558
adventure crime war,559
adventure crime western,560
adventure documentary,561
adventure documentary drama,562
adventure documentary family,563
adventure documentary fantasy,564
adventure documentary film-noir,565
adventure documentary history,566
adventure documentary horror,567
adventure documentary music,568
adventure documentary musical,569
adventure documentary mystery,570
adventure documentary romance,571
adventure documentary sci-fi,572
adventure documentary sport,573
adventure documentary thriller,574
adventure documentary war,575
adventure documentary western,576
adventure drama,577
adventure drama family,578
adventure drama fantasy,579
adventure drama film-noir,580
adventure drama history,581
adventure drama horror,582
adventure drama music,583
adventure drama musical,584
adventure drama mystery,585
adventure drama romance,586
adventure drama sci-fi,587
adventure drama sport,588
adventure drama thriller,589
adventure drama war,590
adventure drama western,591
adventure family,592
adventure family fantasy,593
adventure family film-noir,594
adventure family history,595
adventure family horror,596
adventure family music,597
adventure family musical,598
adventure family mystery,599
adventure family romance,600
adventure family sci-fi,601
adventure family sport,602
adventure family thriller,603
adventure family war,604
adventure family western,605
adventure fantasy,606
adventure fantasy film-noir,607
adventure fantasy history,608
adventure fantasy horror,609
adventure fantasy music,610
adventure fantasy musical,611
adventure fantasy mystery,612
adventure fantasy romance,613
adventure fantasy sci-fi,614
adventure fantasy sport,615
adventure fantasy thriller,616
adventure fantasy war,617
adventure fantasy western,618
adventure film-noir,619
adventure film-noir history,620
adventure film-noir horror,621
adventure film-noir music,622
adventure film-noir musical,623
adventure film-noir mystery,624
adventure film-noir romance,625
adventure film-noir sci-fi,626
adventure film-noir sport,627
adventure film-noir thriller,628
adventure film-noir war,629
adventure film-noir western,630
adventure history,631
adventure history horror,632
adventure history music,633
adventure history musical,634
adventure history mystery,635
adventure history romance,636
adventure history sci-fi,637
adventure history sport,638
adventure history thriller,639
adventure history war,640
adventure history western,641
adventure horror,642
adventure horror music,643
adventure horror musical,644
adventure horror mystery,645
adventure horror romance,646
adventure horror sci-fi,647
adventure horror sport,648
adventure horror thriller,649
adventure horror war,650
adventure horror western,651
adventure music,652
adventure music musical,653
adventure music mystery,654
adventure music romance,655
adventure music sci-fi,656
adventure music sport,657
adventure music thriller,658
adventure music war,659
adventure music western,660
adventure musical,661
adventure musical mystery,662
adventure musical romance,663
adventure musical sci-fi,664
adventure musical sport,665
adventure musical thriller,666
adventure musical war,667
adventure musical western,668
adventure mystery,669
adventure mystery romance,670
adventure mystery sci-fi,671
adventure mystery sport,672
adventure mystery thriller,673
adventure mystery war,674
adventure mystery western,675
adventure romance,676
adventure romance sci-fi,677
adventure romance sport,678
adventure romance thriller,679
adventure romance war,680
adventure romance western,681
adventure sci-fi,682
adventure sci-fi sport,683
adventure sci-fi thriller,684
adventure sci-fi war,685
adventure sci-fi western,686
adventure sport,687
adventure sport thriller,688
adventure sport war,689
adventure sport western,690
adventure thriller,691
adventure thriller war,692
adventure thriller western,693
adventure war,694
adventure war western,695
adventure western,696
animation,697
animation biography,698
animation biography comedy,699
animation biography crime,700
animation biography documentary,701
animation biography drama,702
animation biography family,703
animation biography fantasy,704
animation biography film-noir,705
animation biography history,706
animation biography horror,707
animation biography music,708
animation biography musical,709
animation biography mystery,710
animation biography romance,711
animation biography sci-fi,712
animation biography sport,713
animation biography thriller,714
animation biography war,715
animation biography western,716
animation comedy,717
animation comedy crime,718
animation comedy documentary,719
animation comedy drama,720
animation comedy family,721
animation comedy fantasy,722
animation comedy film-noir,723
animation comedy history,724
animation comedy horror,725
animation comedy music,726
animation comedy musical,727
animation comedy mystery,728
animation comedy romance,729
animation comedy sci-fi,730
animation comedy sport,731
animation comedy thriller,732
animation comedy war,733
animation comedy western,734
animation crime,735
animation crime documentary,736
animation crime drama,737
animation crime family,738
animation crime fantasy,739
animation crime film-noir,740
animation crime history,741
animation crime horror,742
animation crime music,743
animation crime musical,744
animation crime mystery,745
animation crime romance,746
animation crime sci-fi,747
animation crime sport,748
animation crime thriller,749
animation crime war,750
animation crime western,751
animation documentary,752
animation documentary drama,753
animation documentary family,754
animation documentary fantasy,755
animation documentary film-noir,756
animation documentary history,757
animation documentary horror,758
animation documentary music,759
animation documentary musical,760
animation documentary mystery,761
animation documentary romance,762
animation documentary sci-fi,763
animation documentary sport,764
animation documentary thriller,765
animation documentary war,766
animation documentary western,767
animation drama,768
animation drama family,769
animation drama fantasy,770
animation drama film-noir,771
animation drama history,772
animation drama horror,773
animation drama music,774
animation drama musical,775
animation drama mystery,776
animation drama romance,777
animation drama sci-fi,778
animation drama sport,779
animation drama thriller,780
animation drama war,781
animation drama western,782
animation family,783
animation family fantasy,784
animation family film-noir,785
animation family history,786
animation family horror,787
animation family music,788
animation family musical,789
animation family mystery,790
animation family romance,791
animation family sci-fi,792
animation family sport,793
animation family thriller,794
animation family war,795
animation family western,796
animation fantasy,797
animation fantasy film-noir,798
animation fantasy history,799
animation fantasy horror,800
animation fantasy music,801
animation fantasy musical,802
animation fantasy mystery,803
animation fantasy romance,804
animation fantasy sci-fi,805
animation fantasy sport,806
animation fantasy thriller,807
animation fantasy war,808
animation fantasy western,809
animation film-noir,810
animation film-noir history,811
animation film-noir horror,812
animation film-noir music,813
animation film-noir musical,814
animation film-noir mystery,815
animation film-noir romance,816
animation film-noir sci-fi,817
animation film-noir sport,818
animation film-noir thriller,819
animation film-noir war,820
animation film-noir western,821
animation history,822
animation history horror,823
animation history music,824
animation history musical,825
animation history mystery,826
animation history romance,827
animation history sci-fi,828
animation history sport,829
animation history thriller,830
animation history war,831
animation history western,832
animation horror,833
animation horror music,834
animation horror musical,835
animation horror mystery,836
animation horror romance,837
animation horror sci-fi,838
animation horror sport,839
animation horror thriller,840
animation horror war,841
animation horror western,842
animation music,843
animation music musical,844
animation music mystery,845
animation music romance,846
animation music sci-fi,847
animation music sport,848
animation music thriller,849
animation music war,850
animation music western,851
animation musical,852
animation musical mystery,853
animation musical romance,854
animation musical sci-fi,855
animation musical sport,856
animation musical thriller,857
animation musical war,858
animation musical western,859
animation mystery,860
animation mystery romance,861
animation mystery sci-fi,862
animation mystery sport,863
animation mystery thriller,864
animation mystery war,865
animation mystery western,866
animation romance,867
animation romance sci-fi,868
animation romance sport,869
animation romance thriller,870
animation romance war,871
animation romance western,872
animation sci-fi,873
animation sci-fi sport,874
animation sci-fi thriller,875
animation sci-fi war,876
animation sci-fi western,877
animation sport,878
animation sport thriller,879
animation sport war,880
animation sport western,881
animation thriller,882
animation thriller war,883
animation thriller western,884
animation war,885
animation war western,886
animation western,887
biography,888
biography comedy,889
biography comedy crime,890
biography comedy documentary,891
biography comedy drama,892
biography comedy family,893
biography comedy fantasy,894
biography comedy film-noir,895
biography comedy history,896
biography comedy horror,897
biography comedy music,898
biography comedy musical,899
biography comedy mystery,900
biography comedy romance,901
biography comedy sci-fi,902
biography comedy sport,903
biography comedy thriller,904
biography comedy war,905
biography comedy western,906
biography crime,907
biography crime documentary,908
biography crime drama,909
biography crime family,910
biography crime fantasy,911
biography crime film-noir,912
biography crime history,913
biography crime horror,914
biography crime music,915
biography crime musical,916
biography crime mystery,917
biography crime romance,918
biography crime sci-fi,919
biography crime sport,920
biography crime thriller,921
biography crime war,922
biography crime western,923
biography documentary,924
biography documentary drama,925
biography documentary family,926
biography documentary fantasy,927
biography documentary film-noir,928
biography documentary history,929
biography documentary horror,930
biography documentary music,931
biography documentary musical,932
biography documentary mystery,933
biography documentary romance,934
biography documentary sci-fi,935
biography documentary sport,936
biography documentary thriller,937
biography documentary war,938
biography documentary western,939
biography drama,940
biography drama family,941
biography drama fantasy,942
biography drama film-noir,943
biography drama history,944
biography drama horror,945
biography drama music,946
biography drama musical,947
biography drama mystery,948
biography drama romance,949
biography drama sci-fi,950
biography drama sport,951
biography drama thriller,952
biography drama war,953
biography drama western,954
biography family,955
biography family fantasy,956
biography family film-noir,957
biography family history,958
biography family horror,959
biography family music,960
biography family musical,961
biography family mystery,962
biography family romance,963
biography family sci-fi,964
biography family sport,965
biography family thriller,966
biography family war,967
biography family western,968
biography fantasy,969
biography fantasy film-noir,970
biography fantasy history,971
biography fantasy horror,972
biography fantasy music,973
biography fantasy musical,974
biography fantasy mystery,975
biography fantasy romance,976
biography fantasy sci-fi,977
biography fantasy sport,978
biography fantasy thriller,979
biography fantasy war,980
biography fantasy western,981
biography film-noir,982
biography film-noir history,983
biography film-noir horror,984
biography film-noir music,985
biography film-noir musical,986
biography film-noir mystery,987
biography film-noir romance,988
biography film-noir sci-fi,989
biography film-noir sport,990
biography film-noir thriller,991
biography film-noir war,992
biography film-noir western,993
biography history,994
biography history horror,995
biography history music,996
biography history musical,997
biography history mystery,998
biography history romance,999
biography history sci-fi,1000
biography history sport,1001
biography history thriller,1002
biography history war,1003
biography history western,1004
biography horror,1005
biography horror music,1006
biography horror musical,1007
biography horror mystery,1008
biography horror romance,1009
biography horror sci-fi,1010
biography horror sport,1011
biography horror thriller,1012
biography horror war,1013
biography horror western,1014
biography music,1015
biography music musical,1016
biography music mystery,1017
biography music romance,1018
biography music sci-fi,1019
biography music sport,1020
biography music thriller,1021
biography music war,1022
biography music western,1023
biography musical,1024
biography musical mystery,1025
biography musical romance,1026
biography musical sci-fi,1027
biography musical sport,1028
biography musical thriller,1029
biography musical war,1030
biography musical western,1031
biography mystery,1032
biography mystery romance,1033
biography mystery sci-fi,1034
biography mystery sport,1035
biography mystery thriller,1036
biography mystery war,1037
biography mystery western,1038
biography romance,1039
biography romance sci-fi,1040
biography romance sport,1041
biography romance thriller,1042
biography romance war,1043
biography romance western,1044
biography sci-fi,1045
biography sci-fi sport,1046
biography sci-fi thriller,1047
biography sci-fi war,1048
biography sci-fi western,1049
biography sport,1050
biography sport thriller,1051
biography sport war,1052
biography sport western,1053
biography thriller,1054
biography thriller war,1055
biography thriller western,1056
biography war,1057
biography war western,1058
biography western,1059
comedy,1060
comedy crime,1061
comedy crime documentary,1062
comedy crime drama,1063
comedy crime family,1064
comedy crime fantasy,1065
comedy crime film-noir,1066
comedy crime history,1067
comedy crime horror,1068
comedy crime music,1069
comedy crime musical,1070
comedy crime mystery,1071
comedy crime romance,1072
comedy crime sci-fi,1073
comedy crime sport,1074
comedy crime thriller,1075
comedy crime war,1076
comedy crime western,1077
comedy documentary,1078
comedy documentary drama,1079
comedy documentary family,1080
comedy documentary fantasy,1081
comedy documentary film-noir,1082
comedy documentary history,1083
comedy documentary horror,1084
comedy documentary music,1085
comedy documentary musical,1086
comedy documentary mystery,1087
comedy documentary romance,1088
comedy documentary sci-fi,1089
comedy documentary sport,1090
comedy documentary thriller,1091
comedy documentary war,1092
comedy documentary western,1093
comedy drama,1094
comedy drama family,1095
comedy drama fantasy,1096
comedy drama film-noir,1097
comedy drama history,1098
comedy drama horror,1099
comedy drama music,1100
comedy drama musical,1101
comedy drama mystery,1102
comedy drama romance,1103
comedy drama sci-fi,1104
comedy drama sport,1105
comedy drama thriller,1106
comedy drama war,1107
comedy drama western,1108
comedy family,1109
comedy family fantasy,1110
comedy family film-noir,1111
comedy family history,1112
comedy family horror,1113
comedy family music,1114
comedy family musical,1115
comedy family mystery,1116
comedy family romance,1117
comedy family sci-fi,1118
comedy family sport,1119
comedy family thriller,1120
comedy family war,1121
comedy family western,1122
comedy fantasy,1123
comedy fantasy film-noir,1124
comedy fantasy history,1125
comedy fantasy horror,1126
comedy fantasy music,1127
comedy fantasy musical,1128
comedy fantasy mystery,1129
comedy fantasy romance,1130
comedy fantasy sci-fi,1131
comedy fantasy sport,1132
comedy fantasy thriller,1133
comedy fantasy war,1134
comedy fantasy western,1135
comedy film-noir,1136
comedy film-noir history,1137
comedy film-noir horror,1138
comedy film-noir music,1139
comedy film-noir musical,1140
comedy film-noir mystery,1141
comedy film-noir romance,1142
comedy film-noir sci-fi,1143
comedy film-noir sport,1144
comedy film-noir thriller,1145
comedy film-noir war,1146
comedy film-noir western,1147
comedy history,1148
comedy history horror,1149
comedy history music,1150
comedy history musical,1151
comedy history mystery,1152
comedy history romance,1153
comedy history sci-fi,1154
comedy history sport,1155
comedy history thriller,1156
comedy history war,1157
comedy history western,1158
comedy horror,1159
comedy horror music,1160
comedy horror musical,1161
comedy horror mystery,1162
comedy horror romance,1163
comedy horror sci-fi,1164
comedy horror sport,1165
comedy horror thriller,1166
comedy horror war,1167
comedy horror western,1168
comedy music,1169
comedy music musical,1170
comedy music mystery,1171
comedy music romance,1172
comedy music sci-fi,1173
comedy music sport,1174
comedy music thriller,1175
comedy music war,1176
comedy music western,1177
comedy musical,1178
comedy musical mystery,1179
comedy musical romance,1180
comedy musical sci-fi,1181
comedy musical sport,1182
comedy musical thriller,1183
comedy musical war,1184
comedy musical western,1185
comedy mystery,1186
comedy mystery romance,1187
comedy mystery sci-fi,1188
comedy mystery sport,1189
comedy mystery thriller,1190
comedy mystery war,1191
comedy mystery western,1192
comedy romance,1193
comedy romance sci-fi,1194
comedy romance sport,1195
comedy romance thriller,1196
comedy romance war,1197
comedy romance western,1198
comedy sci-fi,1199
comedy sci-fi sport,1200
comedy sci-fi thriller,1201
comedy sci-fi war,1202
comedy sci-fi western,1203
comedy sport,1204
comedy sport thriller,1205
comedy sport war,1206
comedy sport western,1207
comedy thriller,1208
comedy thriller war,1209
comedy thriller western,1210
comedy war,1211
comedy war western,1212
comedy western,1213
crime,1214
crime documentary,1215
crime documentary drama,1216
crime documentary family,1217
crime documentary fantasy,1218
crime documentary film-noir,1219
crime documentary history,1220
crime documentary horror,1221
crime documentary music,1222
crime documentary musical,1223
crime documentary mystery,1224
crime documentary romance,1225
crime documentary sci-fi,1226
crime documentary sport,1227
crime documentary thriller,1228
crime documentary war,1229
crime documentary western,1230
crime drama,1231
crime drama family,1232
crime drama fantasy,1233
crime drama film-noir,1234
crime drama history,1235
crime drama horror,1236
crime drama music,1237
crime drama musical,1238
crime drama mystery,1239
crime drama romance,1240
crime drama sci-fi,1241
crime drama sport,1242
crime drama thriller,1243
crime drama war,1244
crime drama western,1245
crime family,1246
crime family fantasy,1247
crime family film-noir,1248
crime family history,1249
crime family horror,1250
crime family music,1251
crime family musical,1252
crime family mystery,1253
crime family romance,1254
crime family sci-fi,1255
crime family sport,1256
crime family thriller,1257
crime family war,1258
crime family western,1259
crime fantasy,1260
crime fantasy film-noir,1261
crime fantasy history,1262
crime fantasy horror,1263
crime fantasy music,1264
crime fantasy musical,1265
crime fantasy mystery,1266
crime fantasy romance,1267
crime fantasy sci-fi,1268
crime fantasy sport,1269
crime fantasy thriller,1270
crime fantasy war,1271
crime fantasy western,1272
crime film-noir,1273
crime film-noir history,1274
crime film-noir horror,1275
crime film-noir music,1276
crime film-noir musical,1277
crime film-noir mystery,1278
crime film-noir romance,1279
crime film-noir sci-fi,1280
crime film-noir sport,1281
crime film-noir thriller,1282
crime film-noir war,1283
crime film-noir western,1284
crime history,1285
crime history horror,1286
crime history music,1287
crime history musical,1288
crime history mystery,1289
crime history romance,1290
crime history sci-fi,1291
crime history sport,1292
crime history thriller,1293
crime history war,1294
crime history western,1295
crime horror,1296
crime horror music,1297
crime horror musical,1298
crime horror mystery,1299
crime horror romance,1300
crime horror sci-fi,1301
crime horror sport,1302
crime horror thriller,1303
crime horror war,1304
crime horror western,1305
crime music,1306
crime music musical,1307
crime music mystery,1308
crime music romance,1309
crime music sci-fi,1310
crime music sport,1311
crime music thriller,1312
crime music war,1313
crime music western,1314
crime musical,1315
crime musical mystery,1316
crime musical romance,1317
crime musical sci-fi,1318
crime musical sport,1319
crime musical thriller,1320
crime musical war,1321
crime musical western,1322
crime mystery,1323
crime mystery romance,1324
crime mystery sci-fi,1325
crime mystery sport,1326
crime mystery thriller,1327
crime mystery war,1328
crime mystery western,1329
crime romance,1330
crime romance sci-fi,1331
crime romance sport,1332
crime romance thriller,1333
crime romance war,1334
crime romance western,1335
crime sci-fi,1336
crime sci-fi sport,1337
crime sci-fi thriller,1338
crime sci-fi war,1339
crime sci-fi western,1340
crime sport,1341
crime sport thriller,1342
crime sport war,1343
crime sport western,1344
crime thriller,1345
crime thriller war,1346
crime thriller western,1347
crime war,1348
crime war western,1349
crime western,1350
documentary,1351
documentary drama,1352
documentary drama family,1353
documentary drama fantasy,1354
documentary drama film-noir,1355
documentary drama history,1356
documentary drama horror,1357
documentary drama music,1358
documentary drama musical,1359
documentary drama mystery,1360
documentary drama romance,1361
documentary drama sci-fi,1362
documentary drama sport,1363
documentary drama thriller,1364
documentary drama war,1365
documentary drama western,1366
documentary family,1367
documentary family fantasy,1368
documentary family film-noir,1369
documentary family history,1370
documentary family horror,1371
documentary family music,1372
documentary family musical,1373
documentary family mystery,1374
documentary family romance,1375
documentary family sci-fi,1376
documentary family sport,1377
documentary family thriller,1378
documentary family war,1379
documentary family western,1380
documentary fantasy,1381
documentary fantasy film-noir,1382
documentary fantasy history,1383
documentary fantasy horror,1384
documentary fantasy music,1385
documentary fantasy musical,1386
documentary fantasy mystery,1387
documentary fantasy romance,1388
documentary fantasy sci-fi,1389
documentary fantasy sport,1390
documentary fantasy thriller,1391
documentary fantasy war,1392
documentary fantasy western,1393
documentary film-noir,1394
documentary film-noir history,1395
documentary film-noir horror,1396
documentary film-noir music,1397
documentary film-noir musical,1398
documentary film-noir mystery,1399
documentary film-noir romance,1400
documentary film-noir sci-fi,1401
documentary film-noir sport,1402
documentary film-noir thriller,1403
documentary film-noir war,1404
documentary film-noir western,1405
documentary history,1406
documentary history horror,1407
documentary history music,1408
documentary history musical,1409
documentary history mystery,1410
documentary history romance,1411
documentary history sci-fi,1412
documentary history sport,1413
documentary history thriller,1414
documentary history war,1415
documentary history western,1416
documentary horror,1417
documentary horror music,1418
documentary horror musical,1419
documentary horror mystery,1420
documentary horror romance,1421
documentary horror sci-fi,1422
documentary horror sport,1423
documentary horror thriller,1424
documentary horror war,1425
documentary horror western,1426
documentary music,1427
documentary music musical,1428
documentary music mystery,1429
documentary music romance,1430
documentary music sci-fi,1431
documentary music sport,1432
documentary music thriller,1433
documentary music war,1434
documentary music western,1435
documentary musical,1436
documentary musical mystery,1437
documentary musical romance,1438
documentary musical sci-fi,1439
documentary musical sport,1440
documentary musical thriller,1441
documentary musical war,1442
documentary musical western,1443
documentary mystery,1444
documentary mystery romance,1445
documentary mystery sci-fi,1446
documentary mystery sport,1447
documentary mystery thriller,1448
documentary mystery war,1449
documentary mystery western,1450
documentary romance,1451
documentary romance sci-fi,1452
documentary romance sport,1453
documentary romance thriller,1454
documentary romance war,1455
documentary romance western,1456
documentary sci-fi,1457
documentary sci-fi sport,1458
documentary sci-fi thriller,1459
documentary sci-fi war,1460
documentary sci-fi western,1461
documentary sport,1462
documentary sport thriller,1463
documentary sport war,1464
documentary sport western,1465
documentary thriller,1466
documentary thriller war,1467
documentary thriller western,1468
documentary war,1469
documentary war western,1470
documentary western,1471
drama,1472
drama family,1473
drama family fantasy,1474
drama family film-noir,1475
drama family history,1476
drama family horror,1477
drama family music,1478
drama family musical,1479
drama family mystery,1480
drama family romance,1481
drama family sci-fi,1482
drama family sport,1483
drama family thriller,1484
drama family war,1485
drama family western,1486
drama fantasy,1487
drama fantasy film-noir,1488
drama fantasy history,1489
drama fantasy horror,1490
drama fantasy music,1491
drama fantasy musical,1492
drama fantasy mystery,1493
drama fantasy romance,1494
drama fantasy sci-fi,1495
drama fantasy sport,1496
drama fantasy thriller,1497
drama fantasy war,1498
drama fantasy western,1499
drama film-noir,1500
drama film-noir history,1501
drama film-noir horror,1502
drama film-noir music,1503
drama film-noir musical,1504
drama film-noir mystery,1505
drama film-noir romance,1506
drama film-noir sci-fi,1507
drama film-noir sport,1508
drama film-noir thriller,1509
drama film-noir war,1510
drama film-noir western,1511
drama history,1512
drama history horror,1513
drama history music,1514
drama history musical,1515
drama history mystery,1516
drama history romance,1517
drama history sci-fi,1518
drama history sport,1519
drama history thriller,1520
drama history war,1521
drama history western,1522
drama horror,1523
drama horror music,1524
drama horror musical,1525
drama horror mystery,1526
drama horror romance,1527
drama horror sci-fi,1528
drama horror sport,1529
drama horror thriller,1530
drama horror war,1531
drama horror western,1532
drama music,1533
drama music musical,1534
drama music mystery,1535
drama music romance,1536
drama music sci-fi,1537
drama music sport,1538
drama music thriller,1539
drama music war,1540
drama music western,1541
drama musical,1542
drama musical mystery,1543
drama musical romance,1544
drama musical sci-fi,1545
drama musical sport,1546
drama musical thriller,1547
drama musical war,1548
drama musical western,1549
drama mystery,1550
drama mystery romance,1551
drama mystery sci-fi,1552
drama mystery sport,1553
drama mystery thriller,1554
drama mystery war,1555
drama mystery western,1556
drama romance,1557
drama romance sci-fi,1558
drama romance sport,1559
drama romance thriller,1560
drama romance war,1561
drama romance western,1562
drama sci-fi,1563
drama sci-fi sport,1564
drama sci-fi thriller,1565
drama sci-fi war,1566
drama sci-fi western,1567
drama sport,1568
drama sport thriller,1569
drama sport war,1570
drama sport western,1571
drama thriller,1572
drama thriller war,1573
drama thriller western,1574
drama war,1575
drama war western,1576
drama western,1577
family,1578
family fantasy,1579
family fantasy film-noir,1580
family fantasy history,1581
family fantasy horror,1582
family fantasy music,1583
family fantasy musical,1584
family fantasy mystery,1585
family fantasy romance,1586
family fantasy sci-fi,1587
family fantasy sport,1588
family fantasy thriller,1589
family fantasy war,1590
family fantasy western,1591
family film-noir,1592
family film-noir history,1593
family film-noir horror,1594
family film-noir music,1595
family film-noir musical,1596
family film-noir mystery,1597
family film-noir romance,1598
family film-noir sci-fi,1599
family film-noir sport,1600
family film-noir thriller,1601
family film-noir war,1602
family film-noir western,1603
family history,1604
family history horror,1605
family history music,1606
family history musical,1607
family history mystery,1608
family history romance,1609
family history sci-fi,1610
family history sport,1611
family history thriller,1612
family history war,1613
family history western,1614
family horror,1615
family horror music,1616
family horror musical,1617
family horror mystery,1618
family horror romance,1619
family horror sci-fi,1620
family horror sport,1621
family horror thriller,1622
family horror war,1623
family horror western,1624
family music,1625
family music musical,1626
family music mystery,1627
family music romance,1628
family music sci-fi,1629
family music sport,1630
family music thriller,1631
family music war,1632
family music western,1633
family musical,1634
family musical mystery,1635
family musical romance,1636
family musical sci-fi,1637
family musical sport,1638
family musical thriller,1639
family musical war,1640
family musical western,1641
family mystery,1642
family mystery romance,1643
family mystery sci-fi,1644
family mystery sport,1645
family mystery thriller,1646
family mystery war,1647
family mystery western,1648
family romance,1649
family romance sci-fi,1650
family romance sport,1651
family romance thriller,1652
family romance war,1653
family romance western,1654
family sci-fi,1655
family sci-fi sport,1656
family sci-fi thriller,1657
family sci-fi war,1658
family sci-fi western,1659
family sport,1660
family sport thriller,1661
family sport war,1662
family sport western,1663
family thriller,1664
family thriller war,1665
family thriller western,1666
family war,1667
family war western,1668
family western,1669
fantasy,1670
fantasy film-noir,1671
fantasy film-noir history,1672
fantasy film-noir horror,1673
fantasy film-noir music,1674
fantasy film-noir musical,1675
fantasy film-noir mystery,1676
fantasy film-noir romance,1677
fantasy film-noir sci-fi,1678
fantasy film-noir sport,1679
fantasy film-noir thriller,1680
fantasy film-noir war,1681
fantasy film-noir western,1682
fantasy history,1683
fantasy history horror,1684
fantasy history music,1685
fantasy history musical,1686
fantasy history mystery,1687
fantasy history romance,1688
fantasy history sci-fi,1689
fantasy history sport,1690
fantasy history thriller,1691
fantasy history war,1692
fantasy history western,1693
fantasy horror,1694
fantasy horror music,1695
fantasy horror musical,1696
fantasy horror mystery,1697
fantasy horror romance,1698
fantasy horror sci-fi,1699
fantasy horror sport,1700
fantasy horror thriller,1701
fantasy horror war,1702
fantasy horror western,1703
fantasy music,1704
fantasy music musical,1705
fantasy music mystery,1706
fantasy music romance,1707
fantasy music sci-fi,1708
fantasy music sport,1709
fantasy music thriller,1710
fantasy music war,1711
fantasy music western,1712
fantasy musical,1713
fantasy musical mystery,1714
fantasy musical romance,1715
fantasy musical sci-fi,1716
fantasy musical sport,1717
fantasy musical thriller,1718
fantasy musical war,1719
fantasy musical western,1720
fantasy mystery,1721
fantasy mystery romance,1722
fantasy mystery sci-fi,1723
fantasy mystery sport,1724
fantasy mystery thriller,1725
fantasy mystery war,1726
fantasy mystery western,1727
fantasy romance,1728
fantasy romance sci-fi,1729
fantasy romance sport,1730
fantasy romance thriller,1731
fantasy romance war,1732
fantasy romance western,1733
fantasy sci-fi,1734
fantasy sci-fi sport,1735
fantasy sci-fi thriller,1736
fantasy sci-fi war,1737
fantasy sci-fi western,1738
fantasy sport,1739
fantasy sport thriller,1740
fantasy sport war,1741
fantasy sport western,1742
fantasy thriller,1743
fantasy thriller war,1744
fantasy thriller western,1745
fantasy war,1746
fantasy war western,1747
fantasy western,1748
film-noir,1749
film-noir history,1750
film-noir history horror,1751
film-noir history music,1752
film-noir history musical,1753
film-noir history mystery,1754
film-noir history romance,1755
film-noir history sci-fi,1756
film-noir history sport,1757
film-noir history thriller,1758
film-noir history war,1759
film-noir history western,1760
film-noir horror,1761
film-noir horror music,1762
film-noir horror musical,1763
film-noir horror mystery,1764
film-noir horror romance,1765
film-noir horror sci-fi,1766
film-noir horror sport,1767
film-noir horror thriller,1768
film-noir horror war,1769
film-noir horror western,1770
film-noir music,1771
film-noir music musical,1772
film-noir music mystery,1773
film-noir music romance,1774
film-noir music sci-fi,1775
film-noir music sport,1776
film-noir music thriller,1777
film-noir music war,1778
film-noir music western,1779
film-noir musical,1780
film-noir musical mystery,1781
film-noir musical romance,1782
film-noir musical sci-fi,1783
film-noir musical sport,1784
film-noir musical thriller,1785
film-noir musical war,1786
film-noir musical western,1787
film-noir mystery,1788
film-noir mystery romance,1789
film-noir mystery sci-fi,1790
film-noir mystery sport,1791
film-noir mystery thriller,1792
film-noir mystery war,1793
film-noir mystery western,1794
film-noir romance,1795
film-noir romance sci-fi,1796
film-noir romance sport,1797
film-noir romance thriller,1798
film-noir romance war,1799
film-noir romance western,1800
film-noir sci-fi,1801
film-noir sci-fi sport,1802
film-noir sci-fi thriller,1803
film-noir sci-fi war,1804
film-noir sci-fi western,1805
film-noir sport,1806
film-noir sport thriller,1807
film-noir sport war,1808
film-noir sport western,1809
film-noir thriller,1810
film-noir thriller war,1811
film-noir thriller western,1812
film-noir war,1813
film-noir war western,1814
film-noir western,1815
history,1816
history horror,1817
history horror music,1818
history horror musical,1819
history horror mystery,1820
history horror romance,1821
history horror sci-fi,1822
history horror sport,1823
history horror thriller,1824
history horror war,1825
history horror western,1826
history music,1827
history music musical,1828
history music mystery,1829
history music romance,1830
history music sci-fi,1831
history music sport,1832
history music thriller,1833
history music war,1834
history music western,1835
history musical,1836
history musical mystery,1837
history musical romance,1838
history musical sci-fi,1839
history musical sport,1840
history musical thriller,1841
history musical war,1842
history musical western,1843
history mystery,1844
history mystery romance,1845
history mystery sci-fi,1846
history mystery sport,1847
history mystery thriller,1848
history mystery war,1849
history mystery western,1850
history romance,1851
history romance sci-fi,1852
history romance sport,1853
history romance thriller,1854
history romance war,1855
history romance western,1856
history sci-fi,1857
history sci-fi sport,1858
history sci-fi thriller,1859
history sci-fi war,1860
history sci-fi western,1861
history sport,1862
history sport thriller,1863
history sport war,1864
history sport western,1865
history thriller,1866
history thriller war,1867
history thriller western,1868
history war,1869
history war western,1870
history western,1871
horror,1872
horror music,1873
horror music musical,1874
horror music mystery,1875
horror music romance,1876
horror music sci-fi,1877
horror music sport,1878
horror music thriller,1879
horror music war,1880
horror music western,1881
horror musical,1882
horror musical mystery,1883
horror musical romance,1884
horror musical sci-fi,1885
horror musical sport,1886
horror musical thriller,1887
horror musical war,1888
horror musical western,1889
horror mystery,1890
horror mystery romance,1891
horror mystery sci-fi,1892
horror mystery sport,1893
horror mystery thriller,1894
horror mystery war,1895
horror mystery western,1896
horror romance,1897
horror romance sci-fi,1898
horror romance sport,1899
horror romance thriller,1900
horror romance war,1901
horror romance western,1902
horror sci-fi,1903
horror sci-fi sport,1904
horror sci-fi thriller,1905
horror sci-fi war,1906
horror sci-fi western,1907
horror sport,1908
horror sport thriller,1909
horror sport war,1910
horror sport western,1911
horror thriller,1912
horror thriller war,1913
horror thriller western,1914
horror war,1915
horror war western,1916
horror western,1917
music,1918
music musical,1919
music musical mystery,1920
music musical romance,1921
music musical sci-fi,1922
music musical sport,1923
music musical thriller,1924
music musical war,1925
music musical western,1926
music mystery,1927
music mystery romance,1928
music mystery sci-fi,1929
music mystery sport,1930
music mystery thriller,1931
music mystery war,1932
music mystery western,1933
music romance,1934
music romance sci-fi,1935
music romance sport,1936
music romance thriller,1937
music romance war,1938
music romance western,1939
music sci-fi,1940
music sci-fi sport,1941
music sci-fi thriller,1942
music sci-fi war,1943
music sci-fi western,1944
music sport,1945
music sport thriller,1946
music sport war,1947
music sport western,1948
music thriller,1949
music thriller war,1950
music thriller western,1951
music war,1952
music war western,1953
music western,1954
musical,1955
musical mystery,1956
musical mystery romance,1957
musical mystery sci-fi,1958
musical mystery sport,1959
musical mystery thriller,1960
musical mystery war,1961
musical mystery western,1962
musical romance,1963
musical romance sci-fi,1964
musical romance sport,1965
musical romance thriller,1966
musical romance war,1967
musical romance western,1968
musical sci-fi,1969
musical sci-fi sport,1970
musical sci-fi thriller,1971
musical sci-fi war,1972
musical sci-fi western,1973
musical sport,1974
musical sport thriller,1975
musical sport war,1976
musical sport western,1977
musical thriller,1978
musical thriller war,1979
musical thriller western,1980
musical war,1981
musical war western,1982
musical western,1983
mystery,1984
mystery romance,1985
mystery romance sci-fi,1986
mystery romance sport,1987
mystery romance thriller,1988
mystery romance war,1989
mystery romance western,1990
mystery sci-fi,1991
mystery sci-fi sport,1992
mystery sci-fi thriller,1993
mystery sci-fi war,1994
mystery sci-fi western,1995
mystery sport,1996
mystery sport thriller,1997
mystery sport war,1998
mystery sport western,1999
mystery thriller,2000
mystery thriller war,2001
mystery thriller western,2002
mystery war,2003
mystery war western,2004
mystery western,2005
romance,2006
romance sci-fi,2007
romance sci-fi sport,2008
romance sci-fi thriller,2009
romance sci-fi war,2010
romance sci-fi western,2011
romance sport,2012
romance sport thriller,2013
romance sport war,2014
romance sport western,2015
romance thriller,2016
romance thriller war,2017
romance thriller western,2018
romance war,2019
romance war western,2020
romance western,2021
sci-fi,2022
sci-fi sport,2023
sci-fi sport thriller,2024
sci-fi sport war,2025
sci-fi sport western,2026
sci-fi thriller,2027
sci-fi thriller war,2028
sci-fi thriller western,2029
sci-fi war,2030
sci-fi war western,2031
sci-fi western,2032
sport,2033
sport thriller,2034
sport thriller war,2035
sport thriller western,2036
sport war,2037
sport war western,2038
sport western,2039
thriller,2040
thriller war,2041
thriller war western,2042
thriller western,2043
war,2044
war western,2045
western,2046
